Model,RMSE,MAE,MAPE,R2
ARIMA,12910.799798868962,10493.242186145051,5.455090809821217,-0.00713777245096936
LSTM,13053.161095288342,10652.0859375,5.504874103793767,-0.02947069045493267
Prophet,14225.117171229087,10904.76289889313,5.726955007787195,-0.2226278814693452
SARIMA,18931.181980025456,15159.519306006447,7.981565995593763,-1.1653995953980876
