Model,R2_Score,RMSE,MAE
Gradient Boosting,0.9966287037504878,211.7148578183803,143.21589184338055
LightGBM,0.9952283782726827,251.87547483336616,170.21683562376302
XGBoost,0.9931851898860209,301.00919211092514,224.7778697158351
Random Forest,0.8827368510606922,1248.6296821727512,1029.0732528273709
